-- Idempotent v1 seed for local D1 development.
--
-- Apply after migrations, for example:
--   wrangler d1 execute surf --local --file packages/db/seeds/0000_v1_norcal.sql

insert into spots (
  id,
  name,
  region,
  lat,
  lon,
  timezone,
  shore_normal_deg,
  config_json,
  active
) values
  (
    'obsf-north',
    'Ocean Beach North',
    'norcal',
    37.782,
    -122.514,
    'America/Los_Angeles',
    270,
    '{"bestSwellDeg":{"minDeg":280,"maxDeg":310},"workableSwellDeg":{"minDeg":240,"maxDeg":330},"bestPeriodSec":{"min":11,"max":18},"bestTideFt":{"min":0.5,"max":4.5},"offshoreWindFromDeg":{"minDeg":45,"maxDeg":140},"maxGoodWindKt":8,"maxOkWindKt":15,"referenceBuoys":["46026","46013"],"tideStation":"9414290","notes":"Exposed SF beachbreak. Cold-start prior favors clean wind and moderate tides."}',
    1
  ),
  (
    'obsf-central',
    'Ocean Beach Central',
    'norcal',
    37.759,
    -122.51,
    'America/Los_Angeles',
    270,
    '{"bestSwellDeg":{"minDeg":275,"maxDeg":310},"workableSwellDeg":{"minDeg":235,"maxDeg":330},"bestPeriodSec":{"min":10,"max":17},"bestTideFt":{"min":1,"max":5},"offshoreWindFromDeg":{"minDeg":45,"maxDeg":140},"maxGoodWindKt":8,"maxOkWindKt":15,"referenceBuoys":["46026","46013"],"tideStation":"9414290","notes":"Primary v1 OBSF reference spot."}',
    1
  ),
  (
    'obsf-south',
    'Ocean Beach South',
    'norcal',
    37.735,
    -122.506,
    'America/Los_Angeles',
    270,
    '{"bestSwellDeg":{"minDeg":275,"maxDeg":315},"workableSwellDeg":{"minDeg":235,"maxDeg":335},"bestPeriodSec":{"min":10,"max":17},"bestTideFt":{"min":1,"max":5},"offshoreWindFromDeg":{"minDeg":45,"maxDeg":145},"maxGoodWindKt":8,"maxOkWindKt":15,"referenceBuoys":["46026","46013"],"tideStation":"9414290","notes":"Exposed beachbreak; needs local calibration for bars and tide sensitivity."}',
    1
  ),
  (
    'linda-mar',
    'Linda Mar / Pacifica',
    'norcal',
    37.594,
    -122.506,
    'America/Los_Angeles',
    250,
    '{"bestSwellDeg":{"minDeg":250,"maxDeg":295},"workableSwellDeg":{"minDeg":210,"maxDeg":320},"bestPeriodSec":{"min":8,"max":15},"bestTideFt":{"min":0.5,"max":4},"offshoreWindFromDeg":{"minDeg":45,"maxDeg":145},"maxGoodWindKt":8,"maxOkWindKt":14,"referenceBuoys":["46026","46012"],"tideStation":"9414131","notes":"Protected beginner-friendly beach; smaller swell windows matter."}',
    1
  ),
  (
    'stinson',
    'Stinson',
    'norcal',
    37.899,
    -122.644,
    'America/Los_Angeles',
    225,
    '{"bestSwellDeg":{"minDeg":210,"maxDeg":285},"workableSwellDeg":{"minDeg":190,"maxDeg":310},"bestPeriodSec":{"min":8,"max":15},"bestTideFt":{"min":1,"max":5},"offshoreWindFromDeg":{"minDeg":45,"maxDeg":135},"maxGoodWindKt":8,"maxOkWindKt":14,"referenceBuoys":["46026","46013"],"tideStation":"9414958","notes":"More sheltered than OBSF; local transform and tide calibration needed."}',
    1
  ),
  (
    'bolinas',
    'Bolinas',
    'norcal',
    37.909,
    -122.687,
    'America/Los_Angeles',
    215,
    '{"bestSwellDeg":{"minDeg":210,"maxDeg":285},"workableSwellDeg":{"minDeg":190,"maxDeg":310},"bestPeriodSec":{"min":8,"max":15},"bestTideFt":{"min":0.5,"max":4.5},"offshoreWindFromDeg":{"minDeg":45,"maxDeg":135},"maxGoodWindKt":8,"maxOkWindKt":14,"referenceBuoys":["46026","46013"],"tideStation":"9414958","notes":"Sheltered longboard-friendly option; exact source mapping is a v1 task."}',
    1
  )
on conflict(id) do update set
  name = excluded.name,
  region = excluded.region,
  lat = excluded.lat,
  lon = excluded.lon,
  timezone = excluded.timezone,
  shore_normal_deg = excluded.shore_normal_deg,
  config_json = excluded.config_json,
  active = excluded.active;

insert into sources (
  id,
  name,
  type,
  provider,
  external_id,
  url,
  format,
  parser_runtime,
  attribution,
  license_note,
  refresh_minutes,
  active,
  metadata_json
) values
  (
    'noaa-gfswave-norcal',
    'NOAA GFSwave NorCal offshore subset',
    'forecast_wave_offshore',
    'NOAA/NCEP',
    'gfswave',
    'https://nomads.ncep.noaa.gov/',
    'grib2',
    'python',
    'NOAA/NCEP GFSwave via NOMADS',
    'Public NOAA/NCEP model output; retain attribution in downstream surfaces.',
    360,
    1,
    '{"coverage":"NorCal v1 bounding box","rawStorage":"R2","notes":"Exact NOMADS inventory names are validated by extractor work."}'
  ),
  (
    'cdip-mop-norcal-unmapped',
    'CDIP/MOP NorCal nearshore coverage pending',
    'forecast_wave_nearshore',
    'CDIP',
    null,
    'https://cdip.ucsd.edu/',
    'netcdf',
    'python',
    'Coastal Data Information Program',
    'Public CDIP modeled/observed data; coverage must be verified per spot.',
    360,
    0,
    '{"coverage_status":"unmapped","notes":"Placeholder source so every v1 spot records explicit nearshore coverage state."}'
  ),
  (
    'ndbc-46026',
    'NDBC 46026 San Francisco buoy',
    'observed_wave',
    'NOAA/NDBC',
    '46026',
    'https://www.ndbc.noaa.gov/station_page.php?station=46026',
    'ndbc_text',
    'worker',
    'NOAA/NDBC Station 46026',
    'Public NDBC observations; retain station attribution.',
    60,
    1,
    '{"station":"46026","notes":"Primary observed-wave reference for Ocean Beach and broader SF approaches."}'
  ),
  (
    'ndbc-46013',
    'NDBC 46013 Bodega Bay buoy',
    'observed_wave',
    'NOAA/NDBC',
    '46013',
    'https://www.ndbc.noaa.gov/station_page.php?station=46013',
    'ndbc_text',
    'worker',
    'NOAA/NDBC Station 46013',
    'Public NDBC observations; retain station attribution.',
    60,
    1,
    '{"station":"46013","notes":"Secondary north-coast observed-wave reference for Marin/SF."}'
  ),
  (
    'ndbc-46012',
    'NDBC 46012 Half Moon Bay buoy',
    'observed_wave',
    'NOAA/NDBC',
    '46012',
    'https://www.ndbc.noaa.gov/station_page.php?station=46012',
    'ndbc_text',
    'worker',
    'NOAA/NDBC Station 46012',
    'Public NDBC observations; retain station attribution.',
    60,
    1,
    '{"station":"46012","notes":"Southern reference buoy for Linda Mar/Pacifica."}'
  ),
  (
    'coops-9414290',
    'NOAA CO-OPS San Francisco tide station',
    'tide',
    'NOAA CO-OPS',
    '9414290',
    'https://api.tidesandcurrents.noaa.gov/api/prod/',
    'json',
    'worker',
    'NOAA CO-OPS Station 9414290',
    'Public NOAA CO-OPS tide and water-level data; retain station attribution.',
    360,
    1,
    '{"station":"9414290","datum":"MLLW","units":"english","notes":"Shared v1 tide station from current spot registry."}'
  ),
  (
    'coops-9414131',
    'NOAA CO-OPS Pillar Point Harbor tide station',
    'tide',
    'NOAA CO-OPS',
    '9414131',
    'https://api.tidesandcurrents.noaa.gov/api/prod/',
    'json',
    'worker',
    'NOAA CO-OPS Station 9414131',
    'Public NOAA CO-OPS tide and water-level data; retain station attribution.',
    360,
    1,
    '{"station":"9414131","datum":"MLLW","units":"english","notes":"Linda Mar / Pacifica v1 tide station."}'
  ),
  (
    'coops-9414958',
    'NOAA CO-OPS Bolinas Lagoon tide station',
    'tide',
    'NOAA CO-OPS',
    '9414958',
    'https://api.tidesandcurrents.noaa.gov/api/prod/',
    'json',
    'worker',
    'NOAA CO-OPS Station 9414958',
    'Public NOAA CO-OPS tide and water-level data; retain station attribution.',
    360,
    1,
    '{"station":"9414958","datum":"MLLW","units":"english","notes":"Stinson and Bolinas v1 tide station."}'
  ),
  (
    'coops:tide-predictions',
    'NOAA CO-OPS v1 tide prediction adapter',
    'tide',
    'NOAA CO-OPS',
    'predictions',
    'https://api.tidesandcurrents.noaa.gov/api/prod/datagetter',
    'json',
    'worker',
    'NOAA CO-OPS predictions API',
    'Public NOAA CO-OPS tide predictions; retain station attribution.',
    360,
    1,
    '{"adapter":"fetchCoopsTidePredictionsForSpots","stations":["9414290","9414131","9414958"]}'
  ),
  (
    'nws-grid-norcal',
    'NWS NorCal grid forecast points',
    'wind',
    'NWS',
    null,
    'https://api.weather.gov/',
    'json',
    'worker',
    'National Weather Service',
    'Public NWS API data; provide User-Agent and retain attribution.',
    60,
    1,
    '{"coverage":"Spot-specific /points and grid forecast URLs resolved by adapter.","notes":"Stores normalized wind forecast rows."}'
  ),
  (
    'nws-alerts-norcal',
    'NWS NorCal alerts',
    'hazard',
    'NWS',
    null,
    'https://api.weather.gov/alerts',
    'json',
    'worker',
    'National Weather Service',
    'Public NWS API data; provide User-Agent and retain attribution.',
    60,
    1,
    '{"coverage":"NorCal v1 spot counties/zones resolved by adapter.","notes":"Hazards are context and should not fabricate scores."}'
  ),
  (
    'nws:point-forecast-alerts',
    'NWS v1 point forecast and alerts adapter',
    'wind',
    'NWS',
    'points-alerts',
    'https://api.weather.gov/',
    'json',
    'worker',
    'National Weather Service points, grid forecast, and active alerts APIs',
    'Public NWS API data; provide User-Agent and retain attribution.',
    60,
    1,
    '{"adapter":"fetchNwsContextForSpots","capabilities":["wind","hazard"]}'
  )
on conflict(id) do update set
  name = excluded.name,
  type = excluded.type,
  provider = excluded.provider,
  external_id = excluded.external_id,
  url = excluded.url,
  format = excluded.format,
  parser_runtime = excluded.parser_runtime,
  attribution = excluded.attribution,
  license_note = excluded.license_note,
  refresh_minutes = excluded.refresh_minutes,
  active = excluded.active,
  metadata_json = excluded.metadata_json;

insert into spot_source_map (
  spot_id,
  source_id,
  role,
  distance_km,
  weight,
  priority,
  coverage_status,
  notes,
  metadata_json
) values
  ('obsf-north', 'noaa-gfswave-norcal', 'forecast_wave_offshore', null, 1.0, 10, 'active', 'Shared offshore model source for NorCal v1.', '{"mapping":"regional"}'),
  ('obsf-north', 'cdip-mop-norcal-unmapped', 'forecast_wave_nearshore', null, 0.0, 90, 'unmapped', 'CDIP/MOP coverage still needs live verification.', '{"mapping":"pending"}'),
  ('obsf-north', 'ndbc-46026', 'observed_wave', null, 1.0, 10, 'active', 'Primary buoy from current spot registry.', '{"station":"46026"}'),
  ('obsf-north', 'ndbc-46013', 'observed_wave', null, 0.5, 20, 'active', 'Secondary buoy from current spot registry.', '{"station":"46013"}'),
  ('obsf-north', 'coops-9414290', 'tide', null, 1.0, 10, 'active', 'Current v1 tide station.', '{"station":"9414290","datum":"MLLW"}'),
  ('obsf-north', 'nws-grid-norcal', 'wind', null, 1.0, 10, 'active', 'Resolve exact NWS grid point during adapter ingest.', '{"mapping":"point-resolution-required"}'),
  ('obsf-north', 'nws-alerts-norcal', 'hazard', null, 1.0, 10, 'active', 'Resolve exact NWS alert zones during adapter ingest.', '{"mapping":"zone-resolution-required"}'),

  ('obsf-central', 'noaa-gfswave-norcal', 'forecast_wave_offshore', null, 1.0, 10, 'active', 'Shared offshore model source for NorCal v1.', '{"mapping":"regional"}'),
  ('obsf-central', 'cdip-mop-norcal-unmapped', 'forecast_wave_nearshore', null, 0.0, 90, 'unmapped', 'CDIP/MOP coverage still needs live verification.', '{"mapping":"pending"}'),
  ('obsf-central', 'ndbc-46026', 'observed_wave', null, 1.0, 10, 'active', 'Primary buoy from current spot registry.', '{"station":"46026"}'),
  ('obsf-central', 'ndbc-46013', 'observed_wave', null, 0.5, 20, 'active', 'Secondary buoy from current spot registry.', '{"station":"46013"}'),
  ('obsf-central', 'coops-9414290', 'tide', null, 1.0, 10, 'active', 'Current v1 tide station.', '{"station":"9414290","datum":"MLLW"}'),
  ('obsf-central', 'nws-grid-norcal', 'wind', null, 1.0, 10, 'active', 'Resolve exact NWS grid point during adapter ingest.', '{"mapping":"point-resolution-required"}'),
  ('obsf-central', 'nws-alerts-norcal', 'hazard', null, 1.0, 10, 'active', 'Resolve exact NWS alert zones during adapter ingest.', '{"mapping":"zone-resolution-required"}'),

  ('obsf-south', 'noaa-gfswave-norcal', 'forecast_wave_offshore', null, 1.0, 10, 'active', 'Shared offshore model source for NorCal v1.', '{"mapping":"regional"}'),
  ('obsf-south', 'cdip-mop-norcal-unmapped', 'forecast_wave_nearshore', null, 0.0, 90, 'unmapped', 'CDIP/MOP coverage still needs live verification.', '{"mapping":"pending"}'),
  ('obsf-south', 'ndbc-46026', 'observed_wave', null, 1.0, 10, 'active', 'Primary buoy from current spot registry.', '{"station":"46026"}'),
  ('obsf-south', 'ndbc-46013', 'observed_wave', null, 0.5, 20, 'active', 'Secondary buoy from current spot registry.', '{"station":"46013"}'),
  ('obsf-south', 'coops-9414290', 'tide', null, 1.0, 10, 'active', 'Current v1 tide station.', '{"station":"9414290","datum":"MLLW"}'),
  ('obsf-south', 'nws-grid-norcal', 'wind', null, 1.0, 10, 'active', 'Resolve exact NWS grid point during adapter ingest.', '{"mapping":"point-resolution-required"}'),
  ('obsf-south', 'nws-alerts-norcal', 'hazard', null, 1.0, 10, 'active', 'Resolve exact NWS alert zones during adapter ingest.', '{"mapping":"zone-resolution-required"}'),

  ('linda-mar', 'noaa-gfswave-norcal', 'forecast_wave_offshore', null, 1.0, 10, 'active', 'Shared offshore model source for NorCal v1.', '{"mapping":"regional"}'),
  ('linda-mar', 'cdip-mop-norcal-unmapped', 'forecast_wave_nearshore', null, 0.0, 90, 'unmapped', 'CDIP/MOP coverage still needs live verification.', '{"mapping":"pending"}'),
  ('linda-mar', 'ndbc-46026', 'observed_wave', null, 0.8, 10, 'active', 'Primary registry buoy for Linda Mar.', '{"station":"46026"}'),
  ('linda-mar', 'ndbc-46012', 'observed_wave', null, 0.6, 20, 'active', 'Secondary southern reference buoy for Linda Mar.', '{"station":"46012"}'),
  ('linda-mar', 'coops-9414131', 'tide', null, 1.0, 10, 'active', 'Current v1 tide station.', '{"station":"9414131","datum":"MLLW"}'),
  ('linda-mar', 'nws-grid-norcal', 'wind', null, 1.0, 10, 'active', 'Resolve exact NWS grid point during adapter ingest.', '{"mapping":"point-resolution-required"}'),
  ('linda-mar', 'nws-alerts-norcal', 'hazard', null, 1.0, 10, 'active', 'Resolve exact NWS alert zones during adapter ingest.', '{"mapping":"zone-resolution-required"}'),

  ('stinson', 'noaa-gfswave-norcal', 'forecast_wave_offshore', null, 1.0, 10, 'active', 'Shared offshore model source for NorCal v1.', '{"mapping":"regional"}'),
  ('stinson', 'cdip-mop-norcal-unmapped', 'forecast_wave_nearshore', null, 0.0, 90, 'unmapped', 'CDIP/MOP coverage still needs live verification.', '{"mapping":"pending"}'),
  ('stinson', 'ndbc-46026', 'observed_wave', null, 0.8, 10, 'active', 'Primary registry buoy for Stinson.', '{"station":"46026"}'),
  ('stinson', 'ndbc-46013', 'observed_wave', null, 0.6, 20, 'active', 'Secondary registry buoy for Stinson.', '{"station":"46013"}'),
  ('stinson', 'coops-9414958', 'tide', null, 1.0, 10, 'active', 'Current v1 tide station.', '{"station":"9414958","datum":"MLLW"}'),
  ('stinson', 'nws-grid-norcal', 'wind', null, 1.0, 10, 'active', 'Resolve exact NWS grid point during adapter ingest.', '{"mapping":"point-resolution-required"}'),
  ('stinson', 'nws-alerts-norcal', 'hazard', null, 1.0, 10, 'active', 'Resolve exact NWS alert zones during adapter ingest.', '{"mapping":"zone-resolution-required"}'),

  ('bolinas', 'noaa-gfswave-norcal', 'forecast_wave_offshore', null, 1.0, 10, 'active', 'Shared offshore model source for NorCal v1.', '{"mapping":"regional"}'),
  ('bolinas', 'cdip-mop-norcal-unmapped', 'forecast_wave_nearshore', null, 0.0, 90, 'unmapped', 'CDIP/MOP coverage still needs live verification.', '{"mapping":"pending"}'),
  ('bolinas', 'ndbc-46026', 'observed_wave', null, 0.8, 10, 'active', 'Primary registry buoy for Bolinas.', '{"station":"46026"}'),
  ('bolinas', 'ndbc-46013', 'observed_wave', null, 0.6, 20, 'active', 'Secondary registry buoy for Bolinas.', '{"station":"46013"}'),
  ('bolinas', 'coops-9414958', 'tide', null, 1.0, 10, 'active', 'Current v1 tide station.', '{"station":"9414958","datum":"MLLW"}'),
  ('bolinas', 'nws-grid-norcal', 'wind', null, 1.0, 10, 'active', 'Resolve exact NWS grid point during adapter ingest.', '{"mapping":"point-resolution-required"}'),
  ('bolinas', 'nws-alerts-norcal', 'hazard', null, 1.0, 10, 'active', 'Resolve exact NWS alert zones during adapter ingest.', '{"mapping":"zone-resolution-required"}')
on conflict(spot_id, source_id, role) do update set
  distance_km = excluded.distance_km,
  weight = excluded.weight,
  priority = excluded.priority,
  coverage_status = excluded.coverage_status,
  notes = excluded.notes,
  metadata_json = excluded.metadata_json;
