-- Idempotent v1 seed for local D1 development.
--
-- Apply after migrations, for example:
--   wrangler d1 execute surf --local --file packages/db/seeds/0000_v1_norcal.sql

insert into spots (
  id,
  name,
  region,
  lat,
  lon,
  timezone,
  shore_normal_deg,
  config_json,
  active
) values
  (
    'obsf-north',
    'Ocean Beach North',
    'norcal',
    37.782,
    -122.514,
    'America/Los_Angeles',
    270,
    '{"bestSwellDeg":{"minDeg":280,"maxDeg":310},"workableSwellDeg":{"minDeg":240,"maxDeg":330},"bestPeriodSec":{"min":11,"max":18},"bestTideFt":{"min":0.5,"max":4.5},"offshoreWindFromDeg":{"minDeg":45,"maxDeg":140},"maxGoodWindKt":8,"maxOkWindKt":15,"referenceBuoys":["46237","46026","46013"],"tideStation":"9414290","notes":"Exposed SF beachbreak. Cold-start prior favors clean wind and moderate tides."}',
    1
  ),
  (
    'obsf-central',
    'Ocean Beach Central',
    'norcal',
    37.759,
    -122.51,
    'America/Los_Angeles',
    270,
    '{"bestSwellDeg":{"minDeg":275,"maxDeg":310},"workableSwellDeg":{"minDeg":235,"maxDeg":330},"bestPeriodSec":{"min":10,"max":17},"bestTideFt":{"min":1,"max":5},"offshoreWindFromDeg":{"minDeg":45,"maxDeg":140},"maxGoodWindKt":8,"maxOkWindKt":15,"referenceBuoys":["46237","46026","46013"],"tideStation":"9414290","notes":"Primary v1 OBSF reference spot."}',
    1
  ),
  (
    'obsf-south',
    'Ocean Beach South',
    'norcal',
    37.735,
    -122.506,
    'America/Los_Angeles',
    270,
    '{"bestSwellDeg":{"minDeg":275,"maxDeg":315},"workableSwellDeg":{"minDeg":235,"maxDeg":335},"bestPeriodSec":{"min":10,"max":17},"bestTideFt":{"min":1,"max":5},"offshoreWindFromDeg":{"minDeg":45,"maxDeg":145},"maxGoodWindKt":8,"maxOkWindKt":15,"referenceBuoys":["46237","46026","46013"],"tideStation":"9414290","notes":"Exposed beachbreak; needs local calibration for bars and tide sensitivity."}',
    1
  ),
  (
    'linda-mar',
    'Linda Mar / Pacifica',
    'norcal',
    37.594,
    -122.506,
    'America/Los_Angeles',
    250,
    '{"bestSwellDeg":{"minDeg":250,"maxDeg":295},"workableSwellDeg":{"minDeg":210,"maxDeg":320},"bestPeriodSec":{"min":8,"max":15},"bestTideFt":{"min":0.5,"max":4},"offshoreWindFromDeg":{"minDeg":45,"maxDeg":145},"maxGoodWindKt":8,"maxOkWindKt":14,"referenceBuoys":["46012","46237","46026"],"tideStation":"9414131","notes":"Protected beginner-friendly beach; smaller swell windows matter."}',
    1
  ),
  (
    'stinson',
    'Stinson',
    'norcal',
    37.899,
    -122.644,
    'America/Los_Angeles',
    225,
    '{"bestSwellDeg":{"minDeg":210,"maxDeg":285},"workableSwellDeg":{"minDeg":190,"maxDeg":310},"bestPeriodSec":{"min":8,"max":15},"bestTideFt":{"min":1,"max":5},"offshoreWindFromDeg":{"minDeg":45,"maxDeg":135},"maxGoodWindKt":8,"maxOkWindKt":14,"referenceBuoys":["46237","46013","46026"],"tideStation":"9414958","notes":"More sheltered than OBSF; local transform and tide calibration needed."}',
    1
  ),
  (
    'bolinas',
    'Bolinas — Wharf/Brighton',
    'norcal',
    37.909,
    -122.687,
    'America/Los_Angeles',
    215,
    '{"bestSwellDeg":{"minDeg":210,"maxDeg":285},"workableSwellDeg":{"minDeg":190,"maxDeg":310},"bestPeriodSec":{"min":8,"max":15},"bestTideFt":{"min":0.5,"max":4.5},"offshoreWindFromDeg":{"minDeg":270,"maxDeg":20},"maxGoodWindKt":8,"maxOkWindKt":14,"referenceBuoys":["46237","46013","46026"],"tideStation":"9414958","notes":"Regional Wharf/Brighton-facing Bolinas report; NW/WNW is offshore. Height remains low-confidence without a direct nearshore source."}',
    1
  )
on conflict(id) do update set
  name = excluded.name,
  region = excluded.region,
  lat = excluded.lat,
  lon = excluded.lon,
  timezone = excluded.timezone,
  shore_normal_deg = excluded.shore_normal_deg,
  config_json = excluded.config_json,
  active = excluded.active;

insert into sources (
  id,
  name,
  type,
  provider,
  external_id,
  url,
  format,
  parser_runtime,
  attribution,
  license_note,
  refresh_minutes,
  active,
  metadata_json
) values
  (
    'noaa-gfswave-norcal',
    'NOAA GFSwave NorCal offshore subset',
    'forecast_wave_offshore',
    'NOAA/NCEP',
    'gfswave',
    'https://nomads.ncep.noaa.gov/',
    'grib2',
    'python',
    'NOAA/NCEP GFSwave via NOMADS',
    'Public NOAA/NCEP model output; retain attribution in downstream surfaces.',
    360,
    1,
    '{"coverage":"NorCal v1 bounding box","rawStorage":"R2","notes":"Exact NOMADS inventory names are validated by extractor work."}'
  ),
  (
    'cdip-mop-norcal-unmapped',
    'CDIP/MOP NorCal nearshore coverage pending',
    'forecast_wave_nearshore',
    'CDIP',
    null,
    'https://cdip.ucsd.edu/',
    'netcdf',
    'python',
    'Coastal Data Information Program',
    'Public CDIP modeled/observed data; coverage must be verified per spot.',
    360,
    0,
    '{"coverage_status":"unmapped","notes":"Placeholder source so every v1 spot records explicit nearshore coverage state."}'
  ),
  (
    'cdip:mop-forecast',
    'CDIP MOP public per-point nearshore forecast',
    'forecast_wave_nearshore',
    'CDIP/MOP',
    'MOP_alongshore',
    'https://thredds.cdip.ucsd.edu/thredds/catalog/cdip/model/MOP_alongshore/catalog.html',
    'opendap_ascii',
    'worker',
    'Coastal Data Information Program MOP modeled wave forecasts',
    'Public CDIP model output. Retain point ID, raw Hs, depth, Last-Modified source update, deterministic transform inputs, and the distinction from observed surf-face truth.',
    180,
    1,
    '{"adapter":"fetchCdipMopForecastsForSpots","variables":["waveTime","waveHs","waveTp","waveDp","waveDm"],"sourceTimestampSemantics":"http_last_modified_source_update_not_model_cycle","heightSemantics":"modeled_significant_wave_height_not_breaking_face_height","experimentalTransform":"bulk-hs-linear-shoaling-v1","experimentalTransformAffectsDisplay":false,"breakerIndex":0.78}'
  ),
  (
    'ndbc:realtime2-standard-meteorological',
    'NDBC realtime wave observation adapter',
    'observed_wave',
    'NOAA/NDBC',
    'realtime2',
    'https://www.ndbc.noaa.gov/data/realtime2/',
    'ndbc_text',
    'worker',
    'NOAA National Data Buoy Center realtime2 observations',
    'Public NOAA/NDBC observations; retain station and observation time.',
    30,
    1,
    '{"adapter":"fetchNdbcRealtimeObservationsForStations","stations":["46237","46026","46013","46012"]}'
  ),
  (
    'ndbc-46237',
    'NDBC 46237 San Francisco Bar buoy',
    'observed_wave',
    'NOAA/NDBC',
    '46237',
    'https://www.ndbc.noaa.gov/station_page.php?station=46237',
    'ndbc_text',
    'worker',
    'NOAA/NDBC Station 46237 / CDIP 142',
    'Public NOAA/NDBC observations; retain station attribution.',
    30,
    1,
    '{"station":"46237","cdipStation":"142","notes":"Nearshore San Francisco Bar reference used by the v1 surf nowcast."}'
  ),
  (
    'ndbc-46026',
    'NDBC 46026 San Francisco buoy',
    'observed_wave',
    'NOAA/NDBC',
    '46026',
    'https://www.ndbc.noaa.gov/station_page.php?station=46026',
    'ndbc_text',
    'worker',
    'NOAA/NDBC Station 46026',
    'Public NDBC observations; retain station attribution.',
    60,
    1,
    '{"station":"46026","notes":"Primary observed-wave reference for Ocean Beach and broader SF approaches."}'
  ),
  (
    'ndbc-46013',
    'NDBC 46013 Bodega Bay buoy',
    'observed_wave',
    'NOAA/NDBC',
    '46013',
    'https://www.ndbc.noaa.gov/station_page.php?station=46013',
    'ndbc_text',
    'worker',
    'NOAA/NDBC Station 46013',
    'Public NDBC observations; retain station attribution.',
    60,
    1,
    '{"station":"46013","notes":"Secondary north-coast observed-wave reference for Marin/SF."}'
  ),
  (
    'ndbc-46012',
    'NDBC 46012 Half Moon Bay buoy',
    'observed_wave',
    'NOAA/NDBC',
    '46012',
    'https://www.ndbc.noaa.gov/station_page.php?station=46012',
    'ndbc_text',
    'worker',
    'NOAA/NDBC Station 46012',
    'Public NDBC observations; retain station attribution.',
    60,
    1,
    '{"station":"46012","notes":"Southern reference buoy for Linda Mar/Pacifica."}'
  ),
  (
    'coops-9414290',
    'NOAA CO-OPS San Francisco tide station',
    'tide',
    'NOAA CO-OPS',
    '9414290',
    'https://api.tidesandcurrents.noaa.gov/api/prod/',
    'json',
    'worker',
    'NOAA CO-OPS Station 9414290',
    'Public NOAA CO-OPS tide and water-level data; retain station attribution.',
    360,
    1,
    '{"station":"9414290","datum":"MLLW","units":"english","notes":"Shared v1 tide station from current spot registry."}'
  ),
  (
    'coops-9414131',
    'NOAA CO-OPS Pillar Point Harbor tide station',
    'tide',
    'NOAA CO-OPS',
    '9414131',
    'https://api.tidesandcurrents.noaa.gov/api/prod/',
    'json',
    'worker',
    'NOAA CO-OPS Station 9414131',
    'Public NOAA CO-OPS tide and water-level data; retain station attribution.',
    360,
    1,
    '{"station":"9414131","datum":"MLLW","units":"english","notes":"Linda Mar / Pacifica v1 tide station."}'
  ),
  (
    'coops-9414958',
    'NOAA CO-OPS Bolinas Lagoon tide station',
    'tide',
    'NOAA CO-OPS',
    '9414958',
    'https://api.tidesandcurrents.noaa.gov/api/prod/',
    'json',
    'worker',
    'NOAA CO-OPS Station 9414958',
    'Public NOAA CO-OPS tide and water-level data; retain station attribution.',
    360,
    1,
    '{"station":"9414958","datum":"MLLW","units":"english","notes":"Stinson and Bolinas v1 tide station."}'
  ),
  (
    'coops:tide-predictions',
    'NOAA CO-OPS v1 tide prediction adapter',
    'tide',
    'NOAA CO-OPS',
    'predictions',
    'https://api.tidesandcurrents.noaa.gov/api/prod/datagetter',
    'json',
    'worker',
    'NOAA CO-OPS predictions API',
    'Public NOAA CO-OPS tide predictions; retain station attribution.',
    360,
    1,
    '{"adapter":"fetchCoopsTidePredictionsForSpots","stations":["9414290","9414131","9414958"]}'
  ),
  (
    'nws:mtr-grid-wave',
    'NWS MTR coastal marine grid wave forecast',
    'forecast_wave_nearshore',
    'NOAA/NWS MTR',
    'MTR-grid-wave',
    'https://api.weather.gov/gridpoints/MTR/',
    'geojson',
    'worker',
    'NOAA/NWS MTR raw 2.5 km coastal marine grid forecast',
    'Public National Weather Service forecast data; retain source grid, model update time, and derivation.',
    60,
    1,
    '{"adapter":"fetchNwsGridWaveForSpots","fields":["waveHeight","wavePeriod","wavePeriod2","primarySwellHeight","primarySwellDirection","secondarySwellHeight","secondarySwellDirection","windWaveHeight"],"derivation":"raw significant height multiplied by explicit per-spot cold-start scale"}'
  ),
  (
    'nws-grid-norcal',
    'NWS NorCal grid forecast points',
    'wind',
    'NWS',
    null,
    'https://api.weather.gov/',
    'json',
    'worker',
    'National Weather Service',
    'Public NWS API data; provide User-Agent and retain attribution.',
    60,
    1,
    '{"coverage":"Spot-specific /points and grid forecast URLs resolved by adapter.","notes":"Stores normalized wind forecast rows."}'
  ),
  (
    'nws-alerts-norcal',
    'NWS NorCal alerts',
    'hazard',
    'NWS',
    null,
    'https://api.weather.gov/alerts',
    'json',
    'worker',
    'National Weather Service',
    'Public NWS API data; provide User-Agent and retain attribution.',
    60,
    1,
    '{"coverage":"NorCal v1 spot counties/zones resolved by adapter.","notes":"Hazards are context and should not fabricate scores."}'
  ),
  (
    'nws:point-forecast-alerts',
    'NWS v1 point forecast and alerts adapter',
    'wind',
    'NWS',
    'points-alerts',
    'https://api.weather.gov/',
    'json',
    'worker',
    'National Weather Service points, grid forecast, and active alerts APIs',
    'Public NWS API data; provide User-Agent and retain attribution.',
    60,
    1,
    '{"adapter":"fetchNwsContextForSpots","capabilities":["wind","hazard"]}'
  )
on conflict(id) do update set
  name = excluded.name,
  type = excluded.type,
  provider = excluded.provider,
  external_id = excluded.external_id,
  url = excluded.url,
  format = excluded.format,
  parser_runtime = excluded.parser_runtime,
  attribution = excluded.attribution,
  license_note = excluded.license_note,
  refresh_minutes = excluded.refresh_minutes,
  active = excluded.active,
  metadata_json = excluded.metadata_json;

insert into spot_source_map (
  spot_id,
  source_id,
  role,
  distance_km,
  weight,
  priority,
  coverage_status,
  notes,
  metadata_json
) values
  ('obsf-north', 'noaa-gfswave-norcal', 'forecast_wave_offshore', null, 1.0, 10, 'active', 'Shared offshore model source for NorCal v1.', '{"mapping":"regional"}'),
  ('obsf-north', 'cdip:mop-forecast', 'forecast_wave_nearshore', 0.0, 1.0, 1, 'active', 'Direct SF043 modeled Hs at 10 m; not breaking-wave face height.', '{"pointId":"SF043","lat":37.7839,"lon":-122.51468,"waterDepthM":10.0,"shoreNormalDeg":305.41,"nearshoreHeightScale":1.0,"relationship":"direct_nearshore_point"}'),
  ('obsf-north', 'ndbc-46237', 'observed_wave', null, 1.0, 5, 'active', 'San Francisco Bar nearshore reference.', '{"station":"46237","cdipStation":"142"}'),
  ('obsf-north', 'ndbc-46026', 'observed_wave', null, 1.0, 10, 'active', 'Primary buoy from current spot registry.', '{"station":"46026"}'),
  ('obsf-north', 'ndbc-46013', 'observed_wave', null, 0.5, 20, 'active', 'Secondary buoy from current spot registry.', '{"station":"46013"}'),
  ('obsf-north', 'coops-9414290', 'tide', null, 1.0, 10, 'active', 'Current v1 tide station.', '{"station":"9414290","datum":"MLLW"}'),
  ('obsf-north', 'nws-grid-norcal', 'wind', null, 1.0, 10, 'active', 'Resolve exact NWS grid point during adapter ingest.', '{"mapping":"point-resolution-required"}'),
  ('obsf-north', 'nws-alerts-norcal', 'hazard', null, 1.0, 10, 'active', 'Resolve exact NWS alert zones during adapter ingest.', '{"mapping":"zone-resolution-required"}'),
  ('obsf-north', 'nws:mtr-grid-wave', 'forecast_wave_nearshore', null, 1.0, 5, 'active', 'Verified MTR 81,106 PZZ545 coastal grid; breaking-height scale 1.00.', '{"office":"MTR","gridX":81,"gridY":106,"lookup":{"lat":37.782,"lon":-122.514},"breakingHeightScale":1.0}'),

  ('obsf-central', 'noaa-gfswave-norcal', 'forecast_wave_offshore', null, 1.0, 10, 'active', 'Shared offshore model source for NorCal v1.', '{"mapping":"regional"}'),
  ('obsf-central', 'cdip:mop-forecast', 'forecast_wave_nearshore', 0.0, 1.0, 1, 'active', 'Direct SF029 modeled Hs at 10.01 m; not breaking-wave face height.', '{"pointId":"SF029","lat":37.75892,"lon":-122.52074,"waterDepthM":10.01,"shoreNormalDeg":265.0,"nearshoreHeightScale":1.0,"relationship":"direct_nearshore_point"}'),
  ('obsf-central', 'ndbc-46237', 'observed_wave', null, 1.0, 5, 'active', 'San Francisco Bar nearshore reference.', '{"station":"46237","cdipStation":"142"}'),
  ('obsf-central', 'ndbc-46026', 'observed_wave', null, 1.0, 10, 'active', 'Primary buoy from current spot registry.', '{"station":"46026"}'),
  ('obsf-central', 'ndbc-46013', 'observed_wave', null, 0.5, 20, 'active', 'Secondary buoy from current spot registry.', '{"station":"46013"}'),
  ('obsf-central', 'coops-9414290', 'tide', null, 1.0, 10, 'active', 'Current v1 tide station.', '{"station":"9414290","datum":"MLLW"}'),
  ('obsf-central', 'nws-grid-norcal', 'wind', null, 1.0, 10, 'active', 'Resolve exact NWS grid point during adapter ingest.', '{"mapping":"point-resolution-required"}'),
  ('obsf-central', 'nws-alerts-norcal', 'hazard', null, 1.0, 10, 'active', 'Resolve exact NWS alert zones during adapter ingest.', '{"mapping":"zone-resolution-required"}'),
  ('obsf-central', 'nws:mtr-grid-wave', 'forecast_wave_nearshore', null, 1.0, 5, 'active', 'Verified MTR 81,105 through adjacent PZZ545 lookup; breaking-height scale 1.00.', '{"office":"MTR","gridX":81,"gridY":105,"lookup":{"lat":37.759,"lon":-122.53},"breakingHeightScale":1.0}'),

  ('obsf-south', 'noaa-gfswave-norcal', 'forecast_wave_offshore', null, 1.0, 10, 'active', 'Shared offshore model source for NorCal v1.', '{"mapping":"regional"}'),
  ('obsf-south', 'cdip:mop-forecast', 'forecast_wave_nearshore', 0.0, 1.0, 1, 'active', 'Direct SF015 modeled Hs at 10.01 m; not breaking-wave face height.', '{"pointId":"SF015","lat":37.73442,"lon":-122.51637,"waterDepthM":10.01,"shoreNormalDeg":268.53,"nearshoreHeightScale":1.0,"relationship":"direct_nearshore_point"}'),
  ('obsf-south', 'ndbc-46237', 'observed_wave', null, 1.0, 5, 'active', 'San Francisco Bar nearshore reference.', '{"station":"46237","cdipStation":"142"}'),
  ('obsf-south', 'ndbc-46026', 'observed_wave', null, 1.0, 10, 'active', 'Primary buoy from current spot registry.', '{"station":"46026"}'),
  ('obsf-south', 'ndbc-46013', 'observed_wave', null, 0.5, 20, 'active', 'Secondary buoy from current spot registry.', '{"station":"46013"}'),
  ('obsf-south', 'coops-9414290', 'tide', null, 1.0, 10, 'active', 'Current v1 tide station.', '{"station":"9414290","datum":"MLLW"}'),
  ('obsf-south', 'nws-grid-norcal', 'wind', null, 1.0, 10, 'active', 'Resolve exact NWS grid point during adapter ingest.', '{"mapping":"point-resolution-required"}'),
  ('obsf-south', 'nws-alerts-norcal', 'hazard', null, 1.0, 10, 'active', 'Resolve exact NWS alert zones during adapter ingest.', '{"mapping":"zone-resolution-required"}'),
  ('obsf-south', 'nws:mtr-grid-wave', 'forecast_wave_nearshore', null, 1.0, 5, 'active', 'Verified adjacent MTR 80,104 PZZ545 marine grid; breaking-height scale 1.00.', '{"office":"MTR","gridX":80,"gridY":104,"lookup":{"lat":37.735,"lon":-122.53},"breakingHeightScale":1.0}'),

  ('linda-mar', 'noaa-gfswave-norcal', 'forecast_wave_offshore', null, 1.0, 10, 'active', 'Shared offshore model source for NorCal v1.', '{"mapping":"regional"}'),
  ('linda-mar', 'cdip:mop-forecast', 'forecast_wave_nearshore', null, 1.0, 1, 'active', 'SM371 is a 15.01 m approach proxy outside the cove; preserve the explicit 0.60 final cove scale and caveat.', '{"pointId":"SM371","lat":37.59555,"lon":-122.52342,"waterDepthM":15.01,"shoreNormalDeg":295.98,"nearshoreHeightScale":0.6,"relationship":"outside_cove_approach_proxy"}'),
  ('linda-mar', 'ndbc-46237', 'observed_wave', null, 0.7, 15, 'active', 'San Francisco Bar secondary nearshore reference.', '{"station":"46237","cdipStation":"142"}'),
  ('linda-mar', 'ndbc-46026', 'observed_wave', null, 0.8, 10, 'active', 'Primary registry buoy for Linda Mar.', '{"station":"46026"}'),
  ('linda-mar', 'ndbc-46012', 'observed_wave', null, 0.6, 20, 'active', 'Secondary southern reference buoy for Linda Mar.', '{"station":"46012"}'),
  ('linda-mar', 'coops-9414131', 'tide', null, 1.0, 10, 'active', 'Current v1 tide station.', '{"station":"9414131","datum":"MLLW"}'),
  ('linda-mar', 'nws-grid-norcal', 'wind', null, 1.0, 10, 'active', 'Resolve exact NWS grid point during adapter ingest.', '{"mapping":"point-resolution-required"}'),
  ('linda-mar', 'nws-alerts-norcal', 'hazard', null, 1.0, 10, 'active', 'Resolve exact NWS alert zones during adapter ingest.', '{"mapping":"zone-resolution-required"}'),
  ('linda-mar', 'nws:mtr-grid-wave', 'forecast_wave_nearshore', null, 1.0, 5, 'active', 'Verified adjacent MTR 79,98 PZZ545 marine grid; breaking-height scale 0.60.', '{"office":"MTR","gridX":79,"gridY":98,"lookup":{"lat":37.594,"lon":-122.53},"breakingHeightScale":0.6}'),

  ('stinson', 'noaa-gfswave-norcal', 'forecast_wave_offshore', null, 1.0, 10, 'active', 'Shared offshore model source for NorCal v1.', '{"mapping":"regional"}'),
  ('stinson', 'cdip:mop-forecast', 'forecast_wave_nearshore', null, 1.0, 1, 'active', 'Direct MA122 modeled Hs at 15 m; not breaking-wave face height.', '{"pointId":"MA122","lat":37.88907,"lon":-122.64715,"waterDepthM":15.0,"shoreNormalDeg":221.52,"nearshoreHeightScale":1.0,"relationship":"direct_nearshore_point"}'),
  ('stinson', 'ndbc-46237', 'observed_wave', null, 1.0, 5, 'active', 'San Francisco Bar nearshore reference.', '{"station":"46237","cdipStation":"142"}'),
  ('stinson', 'ndbc-46026', 'observed_wave', null, 0.8, 10, 'active', 'Primary registry buoy for Stinson.', '{"station":"46026"}'),
  ('stinson', 'ndbc-46013', 'observed_wave', null, 0.6, 20, 'active', 'Secondary registry buoy for Stinson.', '{"station":"46013"}'),
  ('stinson', 'coops-9414958', 'tide', null, 1.0, 10, 'active', 'Current v1 tide station.', '{"station":"9414958","datum":"MLLW"}'),
  ('stinson', 'nws-grid-norcal', 'wind', null, 1.0, 10, 'active', 'Resolve exact NWS grid point during adapter ingest.', '{"mapping":"point-resolution-required"}'),
  ('stinson', 'nws-alerts-norcal', 'hazard', null, 1.0, 10, 'active', 'Resolve exact NWS alert zones during adapter ingest.', '{"mapping":"zone-resolution-required"}'),
  ('stinson', 'nws:mtr-grid-wave', 'forecast_wave_nearshore', null, 1.0, 5, 'active', 'Verified MTR 78,112 PZZ545 coastal grid; breaking-height scale 0.55.', '{"office":"MTR","gridX":78,"gridY":112,"lookup":{"lat":37.899,"lon":-122.644},"breakingHeightScale":0.55}'),

  ('bolinas', 'noaa-gfswave-norcal', 'forecast_wave_offshore', null, 1.0, 10, 'active', 'Shared offshore model source for NorCal v1.', '{"mapping":"regional"}'),
  ('bolinas', 'cdip-mop-norcal-unmapped', 'forecast_wave_nearshore', null, 0.0, 90, 'unmapped', 'No safe direct CDIP MOP point; keep Bolinas uncalibrated on the NWS fallback.', '{"mapping":"absent","reason":"no_safe_direct_mop_point"}'),
  ('bolinas', 'ndbc-46237', 'observed_wave', null, 1.0, 5, 'active', 'San Francisco Bar nearshore reference.', '{"station":"46237","cdipStation":"142"}'),
  ('bolinas', 'ndbc-46026', 'observed_wave', null, 0.8, 10, 'active', 'Primary registry buoy for Bolinas.', '{"station":"46026"}'),
  ('bolinas', 'ndbc-46013', 'observed_wave', null, 0.6, 20, 'active', 'Secondary registry buoy for Bolinas.', '{"station":"46013"}'),
  ('bolinas', 'coops-9414958', 'tide', null, 1.0, 10, 'active', 'Current v1 tide station.', '{"station":"9414958","datum":"MLLW"}'),
  ('bolinas', 'nws-grid-norcal', 'wind', null, 1.0, 10, 'active', 'Resolve exact NWS grid point during adapter ingest.', '{"mapping":"point-resolution-required"}'),
  ('bolinas', 'nws-alerts-norcal', 'hazard', null, 1.0, 10, 'active', 'Resolve exact NWS alert zones during adapter ingest.', '{"mapping":"zone-resolution-required"}'),
  ('bolinas', 'nws:mtr-grid-wave', 'forecast_wave_nearshore', null, 1.0, 5, 'active', 'Verified MTR 75,113 PZZ545 marine grid; land cells returned all-zero wave layers. Breaking-height scale 0.65.', '{"office":"MTR","gridX":75,"gridY":113,"lookup":{"lat":37.909,"lon":-122.73},"breakingHeightScale":0.65}')
on conflict(spot_id, source_id, role) do update set
  distance_km = excluded.distance_km,
  weight = excluded.weight,
  priority = excluded.priority,
  coverage_status = excluded.coverage_status,
  notes = excluded.notes,
  metadata_json = excluded.metadata_json;
